week,item_id,ligand,classification,reason,train_pdb,train_het,train_identity,train_align_rmsd,train_shape_overlap,has_correct_pose,nearest_score,nearest_classification,nearest_choice_id,pocket_aware_score,pocket_aware_classification,pocket_aware_choice_id,rnp_exact_score,rnp_exact_classification,rnp_exact_train_pdb,rnp_exact_train_het,rnp_blind_score,rnp_blind_classification,rnp_blind_choice_id,rnp_blind_train_pdb,rnp_blind_train_het,training_system_overlay_status,training_system_overlay_unavailable_reason,training_system_overlay
2026-08-08,12LB,A1DI6,familiar,training-ligand-overlap-at-least-0.25,6B0Y,8ZG,0.982,0.775,0.3051,True,0.3111,familiar,choice_d5772a3c29101ce8,0.3361,familiar,choice_cffd223dfc81c543,0.30151589849288185,familiar,6B0Y,8ZG,0.3077289340828771,familiar,choice_22363ea3d3b9128d,6T5B,O7K,available,,"{'object_uri': 'supabase://foldarium-weekly-quiz/sha256/ea/ea188b83ee81c48dc1c4f2c0fb46560d0093ecddf1a4033237c79b0b39391cc2', 'sha256': 'ea188b83ee81c48dc1c4f2c0fb46560d0093ecddf1a4033237c79b0b39391cc2', 'size_bytes': 449793, 'media_type': 'chemical/x-pdb'}"
2026-08-08,12LC,A1DI7,familiar,training-ligand-overlap-at-least-0.25,6B0Y,8ZG,1.0,0.781,0.2791,False,0.2946,familiar,choice_5ceb2ea674f1647a,0.2946,familiar,choice_5ceb2ea674f1647a,0.2322919624540616,novel,6B0Y,8ZG,0.2820422070544171,familiar,choice_c94fea67b6ba3066,6T5B,O7K,available,,"{'object_uri': 'supabase://foldarium-weekly-quiz/sha256/88/88b788164af09d800f0e7f5664bcc5aa56013886d8480a733d55883b91a21982', 'sha256': '88b788164af09d800f0e7f5664bcc5aa56013886d8480a733d55883b91a21982', 'size_bytes': 449793, 'media_type': 'chemical/x-pdb'}"
2026-08-08,24UY,GPP,novel,no-usable-pre-cutoff-ligand-pocket-analog,,,,,,True,,unknown,,,unknown,,,novel,,,,unknown,,,,not-applicable,,
2026-08-08,29LK,PLS,novel,no-usable-pre-cutoff-ligand-pocket-analog,,,,,,True,0.0001,novel,choice_56e8991f6f7978bd,0.0279,novel,choice_dc86456181e1bd76,,novel,,,,unknown,,,,not-applicable,,
2026-08-08,29MM,A1J30,familiar,training-ligand-overlap-at-least-0.25,7RCT,4Q4,0.994,0.445,0.557,True,0.4984,familiar,choice_fea8e07b2e24ba88,0.5913,familiar,choice_fea8e07b2e24ba88,0.5092017644364308,familiar,7RCT,4Q4,0.5909411718854533,familiar,choice_fea8e07b2e24ba88,6MD7,JE1,available,,"{'object_uri': 'supabase://foldarium-weekly-quiz/sha256/17/17ba5c44e8bf18743da1fd6f2cd9e5de44e32f358e93335ec7548adcba8896ea', 'sha256': '17ba5c44e8bf18743da1fd6f2cd9e5de44e32f358e93335ec7548adcba8896ea', 'size_bytes': 655047, 'media_type': 'chemical/x-pdb'}"
2026-08-08,32AW,A1KBG,novel,no-usable-pre-cutoff-ligand-pocket-analog,,,,,,True,0.0,novel,choice_edd45bb68297a657,0.4912,familiar,choice_072cf2e65db60c19,,novel,,,0.3310901502639984,familiar,choice_522f49d6bc02064f,4BCI,T3E,not-applicable,,
2026-08-08,37HF,A1IYR,novel,no-usable-pre-cutoff-ligand-pocket-analog,,,,,,False,0.0,novel,choice_e84f310987f880e3,0.0,novel,choice_e84f310987f880e3,,novel,,,0.0,novel,choice_bdbab9568093eb06,5VLL,NH2,not-applicable,,
2026-08-08,9I3C,IO0,novel,training-ligand-overlap-below-0.25,1GP4,AKG,0.209,1.973,0.1262,True,0.0,novel,choice_c690e0d0ac852bb1,0.2006,novel,choice_a3eab795556a22ac,,unknown,,,,unknown,,,,available,,"{'object_uri': 'supabase://foldarium-weekly-quiz/sha256/55/5566f714f85e15a2df894bb09b27b8c3c21671be4ad5e232d1361cf49d114260', 'sha256': '5566f714f85e15a2df894bb09b27b8c3c21671be4ad5e232d1361cf49d114260', 'size_bytes': 220968, 'media_type': 'chemical/x-pdb'}"
2026-08-08,9P74,A1CHG,familiar,training-ligand-overlap-at-least-0.25,5FET,1TR,0.988,0.37,0.486,True,,unknown,,,unknown,,0.5283224002729672,familiar,5FET,1TR,,unknown,,,,available,,"{'object_uri': 'supabase://foldarium-weekly-quiz/sha256/cb/cb03befe16b38c6c17f01c8e39f00133e3c40e726fae86442fb25b907a34a61b', 'sha256': 'cb03befe16b38c6c17f01c8e39f00133e3c40e726fae86442fb25b907a34a61b', 'size_bytes': 1011771, 'media_type': 'chemical/x-pdb'}"
2026-08-08,9PEL,A1CIK,novel,no-usable-pre-cutoff-ligand-pocket-analog,,,,,,False,0.0,novel,choice_fd4419345a5f5485,0.0,novel,choice_fd4419345a5f5485,,novel,,,0.0,novel,choice_f7fe1f3cdc9d7e44,6GKD,Z9N,not-applicable,,
2026-08-08,9PVB,CAP,novel,no-usable-pre-cutoff-ligand-pocket-analog,,,,,,False,0.0,novel,choice_e4b3de513cf94a3f,0.6339,familiar,choice_2a22e22cab1bcc07,,novel,,,,unknown,,,,not-applicable,,
2026-08-08,9PVC,CAP,novel,no-usable-pre-cutoff-ligand-pocket-analog,,,,,,True,0.0,novel,choice_efeb10ba14dfbc8f,0.6855,familiar,choice_efeb10ba14dfbc8f,,novel,,,,unknown,,,,not-applicable,,
2026-08-08,9PXR,A1AE5,novel,training-ligand-overlap-below-0.25,7BSJ,TTN,0.551,1.334,0.222,False,0.0,novel,choice_f5bf7e0770509672,0.2265,novel,choice_37a1f39d0f77e0a6,0.2103766142004539,novel,1O0S,NAI,0.34660976046903896,familiar,choice_f5bf7e0770509672,1O0S,NAI,available,,"{'object_uri': 'supabase://foldarium-weekly-quiz/sha256/d7/d7a4a1dae942e3095c48d3d61fe96ff5115e5553793bd85bd8d7aab4861099c7', 'sha256': 'd7a4a1dae942e3095c48d3d61fe96ff5115e5553793bd85bd8d7aab4861099c7', 'size_bytes': 708669, 'media_type': 'chemical/x-pdb'}"
2026-08-08,9RN5,A1JR3,novel,no-usable-pre-cutoff-ligand-pocket-analog,,,,,,False,0.4978,familiar,choice_672ee5a173dffb90,0.4978,familiar,choice_672ee5a173dffb90,,novel,,,0.527093140667569,familiar,choice_f92e40a17dcf2cc2,6YYF,3IS,not-applicable,,
2026-08-08,9S2W,A1JCV,familiar,training-ligand-overlap-at-least-0.25,6BZC,G6P,0.528,0.192,0.7797,True,0.6942,familiar,choice_f557f9def87bd183,0.7265,familiar,choice_50164a88456071db,0.7940349344063579,familiar,6BZC,G6P,,unknown,,,,available,,"{'object_uri': 'supabase://foldarium-weekly-quiz/sha256/c2/c22b5fdac42652f7184a1b77d5a1df38811087a51dde78123c590bace21fa1db', 'sha256': 'c22b5fdac42652f7184a1b77d5a1df38811087a51dde78123c590bace21fa1db', 'size_bytes': 1416285, 'media_type': 'chemical/x-pdb'}"
2026-08-08,9S40,A1JLM,novel,no-usable-pre-cutoff-ligand-pocket-analog,,,,,,False,,unknown,,,unknown,,,novel,,,,unknown,,,,not-applicable,,
2026-08-08,9S4A,GJL,familiar,training-ligand-overlap-at-least-0.25,6J63,NTD,0.942,0.379,0.51,True,0.0,novel,choice_df2344f561646ed6,0.5837,familiar,choice_cae60d053bbd68cb,0.6614694593233452,familiar,6ISD,5BQ,0.6714873668231016,familiar,choice_cae60d053bbd68cb,6ISD,5BQ,available,,"{'object_uri': 'supabase://foldarium-weekly-quiz/sha256/c5/c5cb71dedbebded4b4f031667498cd1c5bc11e4bf801d874d9cfb6bf529bd03f', 'sha256': 'c5cb71dedbebded4b4f031667498cd1c5bc11e4bf801d874d9cfb6bf529bd03f', 'size_bytes': 898047, 'media_type': 'chemical/x-pdb'}"
2026-08-08,9S56,CPS,novel,no-usable-pre-cutoff-ligand-pocket-analog,,,,,,False,0.1443,novel,choice_a2a149fee70cd88a,0.1443,novel,choice_a2a149fee70cd88a,,novel,,,,unknown,,,,not-applicable,,
2026-08-08,9S6X,A1JL6,familiar,training-ligand-overlap-at-least-0.25,6AXV,1B0,0.985,0.279,0.579,False,0.4404,familiar,choice_84ec346f4fb653d5,0.4404,familiar,choice_84ec346f4fb653d5,0.5773475153511374,familiar,6AXV,1B0,0.3667658376280797,familiar,choice_cc25b5bb295a620b,6AXV,1B0,available,,"{'object_uri': 'supabase://foldarium-weekly-quiz/sha256/3d/3da1f7276d2bf7d8fdb4537ced5eaa348395af1e028285a9aed92f3ad29b4f34', 'sha256': '3da1f7276d2bf7d8fdb4537ced5eaa348395af1e028285a9aed92f3ad29b4f34', 'size_bytes': 274428, 'media_type': 'chemical/x-pdb'}"
2026-08-08,9SME,A1JOZ,novel,no-usable-pre-cutoff-ligand-pocket-analog,,,,,,True,0.6129,familiar,choice_bddb83e6ed7c796d,0.7393,familiar,choice_bddb83e6ed7c796d,,novel,,,,unknown,,,,not-applicable,,
2026-08-08,9SVZ,R06,novel,no-usable-pre-cutoff-ligand-pocket-analog,,,,,,False,0.0,novel,choice_f653e8d7ab967844,0.0,novel,choice_f653e8d7ab967844,,unknown,,,,unknown,,,,not-applicable,,
2026-08-08,9TDQ,A1JVJ,novel,training-ligand-overlap-below-0.25,6FX7,AR6,0.214,0.996,0.2108,False,0.0,novel,choice_f582d79baa092332,0.3621,familiar,choice_51068d4666d753c0,0.0,novel,6W91,TJP,0.004138447699897835,novel,choice_8318cff146f6d8b1,4GVW,ACY,available,,"{'object_uri': 'supabase://foldarium-weekly-quiz/sha256/51/511824960fcd8b284e9a9ccdc24adddf9eefb9b19db5aacd7d0c51a0f6406bb8', 'sha256': '511824960fcd8b284e9a9ccdc24adddf9eefb9b19db5aacd7d0c51a0f6406bb8', 'size_bytes': 247212, 'media_type': 'chemical/x-pdb'}"
2026-08-08,9W6Z,A1EVR,novel,no-usable-pre-cutoff-ligand-pocket-analog,,,,,,False,,unknown,,,unknown,,,novel,,,,unknown,,,,not-applicable,,
2026-08-08,9W7Y,A1EVK,familiar,training-ligand-overlap-at-least-0.25,3ME3,3SZ,0.646,0.657,0.5175,True,0.0,novel,choice_e2b41fef19cfdaaa,0.5571,familiar,choice_b221de136bc94cb0,0.46596447185589784,familiar,3ME3,3SZ,0.0,novel,choice_e2b41fef19cfdaaa,4IMA,ADN,available,,"{'object_uri': 'supabase://foldarium-weekly-quiz/sha256/f3/f380cc0da0a37b09c7c4f7619de819446f9a707c72cc87f6d9b1d44936b70433', 'sha256': 'f380cc0da0a37b09c7c4f7619de819446f9a707c72cc87f6d9b1d44936b70433', 'size_bytes': 1231524, 'media_type': 'chemical/x-pdb'}"
2026-08-08,9WY2,A1MCD,familiar,training-ligand-overlap-at-least-0.25,6ST3,LUW,0.967,2.969,0.4375,False,0.2577,familiar,choice_4156db208865ad25,0.5473,familiar,choice_a6f959aa0cbf6e0f,0.7778214931591496,familiar,6ST3,LUW,0.6492212457817609,familiar,choice_deeda6c65b41f2d9,6ST3,LUW,available,,"{'object_uri': 'supabase://foldarium-weekly-quiz/sha256/a1/a14da6a6d94e623f0f2a7dde72dc2083eb7b25db78ab884ccdddac8a35812b87', 'sha256': 'a14da6a6d94e623f0f2a7dde72dc2083eb7b25db78ab884ccdddac8a35812b87', 'size_bytes': 763425, 'media_type': 'chemical/x-pdb'}"
2026-08-08,9XS7,RHN,familiar,training-ligand-overlap-at-least-0.25,3KCX,CQL,0.991,0.27,0.385,True,0.3224,familiar,choice_1b09fc049677bb11,0.4194,familiar,choice_b86ca423e53627f4,0.44176606621294157,familiar,5OP6,A0W,,unknown,,,,available,,"{'object_uri': 'supabase://foldarium-weekly-quiz/sha256/ee/ee4d92921ee731ec033c42a8e4e716bb2480c25043b8b0ca4bcc4bc443c3b3db', 'sha256': 'ee4d92921ee731ec033c42a8e4e716bb2480c25043b8b0ca4bcc4bc443c3b3db', 'size_bytes': 219753, 'media_type': 'chemical/x-pdb'}"
2026-08-08,9ZRB,AR6,novel,no-usable-pre-cutoff-ligand-pocket-analog,,,,,,True,0.0,novel,choice_e46e8841f70a3b1d,0.7426,familiar,choice_34693e27fdf28a11,,unknown,,,,unknown,,,,not-applicable,,
2026-08-08,9ZRD,AR6,familiar,training-ligand-overlap-at-least-0.25,6R0G,APR,0.535,0.474,0.7297,True,0.7428,familiar,choice_37ef9860ce49a7ad,0.7428,familiar,choice_37ef9860ce49a7ad,,unknown,,,,unknown,,,,available,,"{'object_uri': 'supabase://foldarium-weekly-quiz/sha256/9c/9c2988cdea60394c81d8c21178081508ec3f771d13b0631777ce5b26c3d4800b', 'sha256': '9c2988cdea60394c81d8c21178081508ec3f771d13b0631777ce5b26c3d4800b', 'size_bytes': 198369, 'media_type': 'chemical/x-pdb'}"
2026-08-08,9ZTB,SVR,novel,training-ligand-overlap-below-0.25,3Q6Z,APR,0.238,2.133,0.1925,False,0.2396,novel,choice_1b3ab937162b103a,0.2421,novel,choice_c8135eba9b5c19c8,0.0,novel,6W91,TJP,,unknown,,,,available,,"{'object_uri': 'supabase://foldarium-weekly-quiz/sha256/12/12a01915d2236eb8c77d0a3b2664979dbf5c447b929d7e6963bdb73273072f93', 'sha256': '12a01915d2236eb8c77d0a3b2664979dbf5c447b929d7e6963bdb73273072f93', 'size_bytes': 118665, 'media_type': 'chemical/x-pdb'}"
2026-08-15,10RY,A1C8O,familiar,training-ligand-overlap-at-least-0.25,3NZK,C90,0.592,0.641,0.4844,False,0.4152,familiar,choice_9c0c4903e97eea9b,0.58,familiar,choice_22cb2db21fd196a3,0.3936942251503271,familiar,6MO5,JWP,0.4317240247699907,familiar,choice_43ae1ae6d584c35d,7DEL,H4L,available,,"{'object_uri': 'supabase://foldarium-weekly-quiz/sha256/76/762bb7a7b0d4a8c1fa6415b422aca8cbdbb325794b6789081f12c78922f79c07', 'sha256': '762bb7a7b0d4a8c1fa6415b422aca8cbdbb325794b6789081f12c78922f79c07', 'size_bytes': 390420, 'media_type': 'chemical/x-pdb'}"
2026-08-15,12WB,K36,novel,no-usable-pre-cutoff-ligand-pocket-analog,,,,,,True,0.0,novel,choice_e93784ea31b56884,0.0,novel,choice_e93784ea31b56884,,unknown,,,,unknown,,,,not-applicable,,
2026-08-15,22VH,CYC,novel,no-usable-pre-cutoff-ligand-pocket-analog,,,,,,True,0.6893,familiar,choice_a0082a54c3296737,0.755,familiar,choice_a0082a54c3296737,,novel,,,,unknown,,,,not-applicable,,
2026-08-15,29CT,A1JTS,familiar,training-ligand-overlap-at-least-0.25,4DCD,K36,0.666,0.741,0.4727,True,0.4342,familiar,choice_317ed870d289fb3d,0.4773,familiar,choice_317ed870d289fb3d,0.4643960528011449,familiar,3ZZ6,G75,0.5535687293832436,familiar,choice_90f7dac3d51d62f6,5BPE,E22,available,,"{'object_uri': 'supabase://foldarium-weekly-quiz/sha256/3f/3f3704e0bbc264089f186b00a35eb92856205905b9c4e7973afd80f2659773e4', 'sha256': '3f3704e0bbc264089f186b00a35eb92856205905b9c4e7973afd80f2659773e4', 'size_bytes': 226557, 'media_type': 'chemical/x-pdb'}"
2026-08-15,31ZN,A1KC9,novel,confirmed-empty-pre-cutoff-foldseek-result,,,,,,True,,unknown,,,unknown,,,novel,,,,unknown,,,,not-applicable,,
2026-08-15,32QB,ERG,novel,no-usable-pre-cutoff-ligand-pocket-analog,,,,,,False,0.0,novel,choice_d1f66733d242a240,0.0,novel,choice_d1f66733d242a240,,novel,,,0.0,novel,choice_b110542000f5d9b9,7LDD,XVD,not-applicable,,
2026-08-15,32YY,IHP,novel,no-usable-pre-cutoff-ligand-pocket-analog,,,,,,False,0.0,novel,choice_e487c0572dcd01dd,0.0,novel,choice_e487c0572dcd01dd,,novel,,,,unknown,,,,not-applicable,,
2026-08-15,36JE,A1DLP,familiar,training-ligand-overlap-at-least-0.25,6U6A,Q0J,1.0,0.953,0.6812,True,0.7101,familiar,choice_8d2e8187fa5ca81a,0.7101,familiar,choice_8d2e8187fa5ca81a,0.7457715317257775,familiar,6U6A,Q0J,0.7109702850707155,familiar,choice_a1f3bf9c1aaf41d1,6U6A,Q0J,available,,"{'object_uri': 'supabase://foldarium-weekly-quiz/sha256/2e/2e7a802e16122aeacaec6d2bae8743765334da08b57c547d1bdf2160e167389d', 'sha256': '2e7a802e16122aeacaec6d2bae8743765334da08b57c547d1bdf2160e167389d', 'size_bytes': 402165, 'media_type': 'chemical/x-pdb'}"
2026-08-15,36OQ,A1DK1,familiar,training-ligand-overlap-at-least-0.25,6MGO,JQV,0.991,0.264,0.4624,True,0.2933,familiar,choice_101c353f4c4bee8f,0.2933,familiar,choice_101c353f4c4bee8f,0.3240551608400261,familiar,2Q36,KAB,0.5495187686561822,familiar,choice_ad7ddb157d8b0115,2Q36,KAB,available,,"{'object_uri': 'supabase://foldarium-weekly-quiz/sha256/8e/8ead6725a702000233e08a51e266d0eecd810213d6d7f2404e1e90f99778b479', 'sha256': '8ead6725a702000233e08a51e266d0eecd810213d6d7f2404e1e90f99778b479', 'size_bytes': 233037, 'media_type': 'chemical/x-pdb'}"
2026-08-15,44HP,BHF,novel,no-usable-pre-cutoff-ligand-pocket-analog,,,,,,False,0.0,novel,choice_e3d3ada492fafc4b,0.2909,familiar,choice_54ca2854a2b2409a,,novel,,,0.44989604977986347,familiar,choice_278af22391b06dcb,6CZW,FO7,not-applicable,,
2026-08-15,44ID,BHF,familiar,training-ligand-overlap-at-least-0.25,6E3U,HNJ,0.281,1.188,0.4094,False,0.3377,familiar,choice_d1e905485961100e,0.3377,familiar,choice_d1e905485961100e,0.480260124536295,familiar,6E3U,HNJ,0.45789057066246763,familiar,choice_ae1c39f818d9b26f,6E3S,79A,available,,"{'object_uri': 'supabase://foldarium-weekly-quiz/sha256/51/51b57baa60765b4f5add8409bf90d5bff6956ebd01f888d1880df8398d914022', 'sha256': '51b57baa60765b4f5add8409bf90d5bff6956ebd01f888d1880df8398d914022', 'size_bytes': 722115, 'media_type': 'chemical/x-pdb'}"
2026-08-15,9I85,,unknown,TrainingSimilarityError,,,,,,,0.3613,familiar,choice_55f1d12587e7f17a,0.5517,familiar,choice_ee62a5f182ac535a,,,,,,unknown,,,,,,
2026-08-15,9Q3L,P0G,novel,no-usable-pre-cutoff-ligand-pocket-analog,,,,,,True,0.4351,familiar,choice_3da432f46a5b0063,0.7565,familiar,choice_f66721ac0689182c,,novel,,,0.867306803902178,familiar,choice_f6381b9aaedf3968,3P0G,P0G,not-applicable,,
2026-08-15,9Q3Z,RPI,novel,training-ligand-overlap-below-0.25,3WDE,MLE,0.993,0.297,0.0,False,0.0,novel,choice_ed22614b13cb9261,0.379,familiar,choice_3a329aadab9fe9ed,0.0,novel,2Y1R,SRT,,unknown,,,,available,,"{'object_uri': 'supabase://foldarium-weekly-quiz/sha256/90/909d13c6fd96becea13c2d3db391fdc9666eb17aeda2f9da3793fa3089d3c106', 'sha256': '909d13c6fd96becea13c2d3db391fdc9666eb17aeda2f9da3793fa3089d3c106', 'size_bytes': 215217, 'media_type': 'chemical/x-pdb'}"
2026-08-15,9S7M,A1JMD,familiar,training-ligand-overlap-at-least-0.25,6AXV,1B0,0.985,0.3,0.5467,False,0.4453,familiar,choice_ab9da822f87a3439,0.4453,familiar,choice_ab9da822f87a3439,0.6051308283764376,familiar,6AXV,1B0,0.3631109480633793,familiar,choice_43751012193516d1,6AXV,1B0,available,,"{'object_uri': 'supabase://foldarium-weekly-quiz/sha256/a7/a780e0e78e6f2966b30f569fe5d8b45c1492b3bfb2b1a9a7f689f8f88137d2f4', 'sha256': 'a780e0e78e6f2966b30f569fe5d8b45c1492b3bfb2b1a9a7f689f8f88137d2f4', 'size_bytes': 274428, 'media_type': 'chemical/x-pdb'}"
2026-08-15,9S7U,A1JML,familiar,training-ligand-overlap-at-least-0.25,6SGP,LDK,0.992,0.19,0.6162,True,0.3631,familiar,choice_1662b1ca0123d83e,0.5815,familiar,choice_5aee4424ef750080,0.6805018637415903,familiar,6S1X,KRZ,,unknown,,,,available,,"{'object_uri': 'supabase://foldarium-weekly-quiz/sha256/3a/3a002e636ecb149f342253410cc45967a25b4a673be5addc1ef259bb7b789a94', 'sha256': '3a002e636ecb149f342253410cc45967a25b4a673be5addc1ef259bb7b789a94', 'size_bytes': 475065, 'media_type': 'chemical/x-pdb'}"
2026-08-15,9S94,3MI,familiar,training-ligand-overlap-at-least-0.25,5CR1,STL,0.982,0.157,0.5938,False,0.7293,familiar,choice_5b39ed1622b0d7e9,0.7293,familiar,choice_5b39ed1622b0d7e9,0.5282825814794628,familiar,6TXV,TCW,,unknown,,,,available,,"{'object_uri': 'supabase://foldarium-weekly-quiz/sha256/60/6072edefdb3f904b9611ce660f99cb68a9d3e4cefcaef96a134baef225de8254', 'sha256': '6072edefdb3f904b9611ce660f99cb68a9d3e4cefcaef96a134baef225de8254', 'size_bytes': 434241, 'media_type': 'chemical/x-pdb'}"
2026-08-15,9S95,3MI,novel,no-usable-pre-cutoff-ligand-pocket-analog,,,,,,True,0.6931,familiar,choice_9891845a0af86aa7,0.6931,familiar,choice_9891845a0af86aa7,,novel,,,,unknown,,,,not-applicable,,
2026-08-15,9SAU,A1JR2,novel,no-usable-pre-cutoff-ligand-pocket-analog,,,,,,False,,unknown,,,unknown,,,novel,,,,unknown,,,,not-applicable,,
2026-08-15,9SSN,A1JQX,familiar,training-ligand-overlap-at-least-0.25,2QIQ,CYV,0.956,0.442,0.3014,True,0.0,novel,choice_ff29fb5df740a9a9,0.0,novel,choice_ff29fb5df740a9a9,0.34869476109630976,familiar,2QIQ,CYV,0.0,novel,choice_ff29fb5df740a9a9,6XB1,NEN,available,,"{'object_uri': 'supabase://foldarium-weekly-quiz/sha256/b5/b5c9e3e7e85a7022456d22fb8605bc09178c9b10813e083262fff5f6894b6d36', 'sha256': 'b5c9e3e7e85a7022456d22fb8605bc09178c9b10813e083262fff5f6894b6d36', 'size_bytes': 192861, 'media_type': 'chemical/x-pdb'}"
2026-08-15,9T0U,A1JSU,familiar,training-ligand-overlap-at-least-0.25,6L24,E3U,0.871,0.588,0.4734,True,0.4067,familiar,choice_30109abe39e03b8a,0.4949,familiar,choice_30109abe39e03b8a,0.5178241129779153,familiar,6A1C,9NX,0.5405902500569975,familiar,choice_56c8e4e199977ec1,6A1C,9NX,available,,"{'object_uri': 'supabase://foldarium-weekly-quiz/sha256/a6/a65e3e9194fae4c0418d9c6f180ab46fc30777387438467ea42b19194b63f784', 'sha256': 'a65e3e9194fae4c0418d9c6f180ab46fc30777387438467ea42b19194b63f784', 'size_bytes': 232308, 'media_type': 'chemical/x-pdb'}"
2026-08-15,9T52,A1JTT,familiar,training-ligand-overlap-at-least-0.25,2QIQ,CYV,0.956,0.779,0.3427,True,0.0,novel,choice_ed279f91c9f44b25,0.0,novel,choice_ed279f91c9f44b25,0.3690835182827151,familiar,2QIQ,CYV,0.0,novel,choice_ed279f91c9f44b25,7AOL,RQH,available,,"{'object_uri': 'supabase://foldarium-weekly-quiz/sha256/bd/bd2c1cf37b0476dd94f06e5cb1b465fc7ab14c59049d17d685df095cf19762cb', 'sha256': 'bd2c1cf37b0476dd94f06e5cb1b465fc7ab14c59049d17d685df095cf19762cb', 'size_bytes': 192861, 'media_type': 'chemical/x-pdb'}"
2026-08-15,9T55,A1JTS,novel,training-ligand-overlap-below-0.25,7AOL,RQH,0.996,0.381,0.0,True,0.0,novel,choice_f00daf352c107548,0.0,novel,choice_f00daf352c107548,0.0,novel,7AOL,RQH,0.0,novel,choice_f00daf352c107548,6XB1,NEN,available,,"{'object_uri': 'supabase://foldarium-weekly-quiz/sha256/9f/9f4450105b84cc462c49be50f5cfadaf6dea3ba7fad5636911b25ea76bde1a69', 'sha256': '9f4450105b84cc462c49be50f5cfadaf6dea3ba7fad5636911b25ea76bde1a69', 'size_bytes': 402165, 'media_type': 'chemical/x-pdb'}"
2026-08-15,9T5E,A1JTR,familiar,training-ligand-overlap-at-least-0.25,2QIQ,CYV,0.956,0.257,0.2503,False,0.0,novel,choice_f3eb6fcb4a2f5f8e,0.0,novel,choice_f3eb6fcb4a2f5f8e,0.3119046723920832,familiar,2QIQ,CYV,0.0,novel,choice_f3eb6fcb4a2f5f8e,6XB1,NEN,available,,"{'object_uri': 'supabase://foldarium-weekly-quiz/sha256/dc/dcae54c66c0025ecec7fb85fd3301608257824706a2d05b34944a2f523fb6f26', 'sha256': 'dcae54c66c0025ecec7fb85fd3301608257824706a2d05b34944a2f523fb6f26', 'size_bytes': 192861, 'media_type': 'chemical/x-pdb'}"
2026-08-15,9WAV,A1EYZ,novel,no-usable-pre-cutoff-ligand-pocket-analog,,,,,,False,0.0,novel,choice_e1dec638b1ef0558,0.3476,familiar,choice_b0919f6d09b21ba4,,novel,,,0.28988118622411385,familiar,choice_d6ad4c68d4e6fc13,7M8O,YSM,not-applicable,,
2026-08-15,9WB2,A1EVS,novel,no-usable-pre-cutoff-ligand-pocket-analog,,,,,,True,0.0,novel,choice_f2cf4e16f845c3cb,0.4725,familiar,choice_bf16357ff0aeadf9,,novel,,,0.4538378710171076,familiar,choice_3218a91bab2b79e3,2QA6,KN2,not-applicable,,
2026-08-15,9WCG,A1EYZ,novel,training-ligand-overlap-below-0.25,7AOL,RQH,0.956,1.457,0.0,False,0.47,familiar,choice_43ec5ce15c2a45d8,0.47,familiar,choice_43ec5ce15c2a45d8,0.0,novel,7AOL,RQH,0.4475483218201474,familiar,choice_43ec5ce15c2a45d8,2QIQ,CYV,available,,"{'object_uri': 'supabase://foldarium-weekly-quiz/sha256/34/34faf4183c5ac8308d64e06a6d6ddfaefe10af9db859f71eb31d2316b7669ec4', 'sha256': '34faf4183c5ac8308d64e06a6d6ddfaefe10af9db859f71eb31d2316b7669ec4', 'size_bytes': 402165, 'media_type': 'chemical/x-pdb'}"
2026-08-15,9XAM,A1EZH,familiar,training-ligand-overlap-at-least-0.25,6B0Y,8ZG,0.976,0.943,0.3717,True,0.3896,familiar,choice_569ab86a689bc2cf,0.4237,familiar,choice_49df98fbab2e3ca1,0.37672989617121494,familiar,6T5B,O7K,0.37896259106691665,familiar,choice_3caf67fc66bec988,6T5B,O7K,available,,"{'object_uri': 'supabase://foldarium-weekly-quiz/sha256/63/63e1ac80649fb9f74e185635efc80b58d5785a5e180a40e8959bc5c1d14f27b6', 'sha256': '63e1ac80649fb9f74e185635efc80b58d5785a5e180a40e8959bc5c1d14f27b6', 'size_bytes': 449793, 'media_type': 'chemical/x-pdb'}"
2026-08-15,9XBZ,A1EZK,familiar,training-ligand-overlap-at-least-0.25,6B0Y,8ZG,0.976,0.961,0.3777,True,0.3925,familiar,choice_3593a5b79cbfeee1,0.42,familiar,choice_9c0d01f7afb748c4,0.37684365249709895,familiar,6T5B,O7K,0.3816377227610333,familiar,choice_684bf08a0e4a672b,6T5B,O7K,available,,"{'object_uri': 'supabase://foldarium-weekly-quiz/sha256/63/633b691722b7e242b9fd5f111aa64a81439769feed8cb913bfdd5bfe9d6de851', 'sha256': '633b691722b7e242b9fd5f111aa64a81439769feed8cb913bfdd5bfe9d6de851', 'size_bytes': 449793, 'media_type': 'chemical/x-pdb'}"
2026-08-15,9XF8,A1EZK,familiar,training-ligand-overlap-at-least-0.25,6B0Y,8ZG,0.976,0.977,0.3735,True,0.3773,familiar,choice_0fc68de1352a4e4c,0.4228,familiar,choice_0fc68de1352a4e4c,0.3735678029656891,familiar,6T5B,O7K,0.37184045637748875,familiar,choice_82459222c3617f5e,6T5B,O7K,available,,"{'object_uri': 'supabase://foldarium-weekly-quiz/sha256/0e/0e8a9012d51fe9c9c8f8822f88d7f9e19762f15d1a5060790b5012184fded58e', 'sha256': '0e8a9012d51fe9c9c8f8822f88d7f9e19762f15d1a5060790b5012184fded58e', 'size_bytes': 449793, 'media_type': 'chemical/x-pdb'}"
2026-08-15,9Z03,A1CZP,novel,no-usable-pre-cutoff-ligand-pocket-analog,,,,,,False,,unknown,,,unknown,,,novel,,,,unknown,,,,not-applicable,,
2026-08-15,9ZIR,A1C2J,novel,no-usable-pre-cutoff-ligand-pocket-analog,,,,,,True,,unknown,,,unknown,,,novel,,,,unknown,,,,not-applicable,,
2026-08-22,10ED,R16,novel,no-usable-pre-cutoff-ligand-pocket-analog,,,,,,False,,unknown,,,unknown,,,novel,,,,unknown,,,,not-applicable,,
2026-08-22,11LL,A1A0P,novel,no-usable-pre-cutoff-ligand-pocket-analog,,,,,,False,,unknown,,,unknown,,,novel,,,,unknown,,,,not-applicable,,
2026-08-22,11SG,A1DAG,novel,training-ligand-overlap-below-0.25,7BDY,TJK,0.995,0.919,0.2481,False,0.0,novel,choice_cf8e6d7c0625f8f8,0.373,familiar,choice_960709a1499eabe1,0.012089869039669557,novel,5M36,BEZ,0.36240278813443966,familiar,choice_cf8e6d7c0625f8f8,3P1Q,FSC,available,,"{'object_uri': 'supabase://foldarium-weekly-quiz/sha256/c6/c6467dd4e6a56f6542a1b292175cb8fa90771d25f3387f218b9907f4ac5a7ee3', 'sha256': 'c6467dd4e6a56f6542a1b292175cb8fa90771d25f3387f218b9907f4ac5a7ee3', 'size_bytes': 160137, 'media_type': 'chemical/x-pdb'}"
2026-08-22,12EZ,A1DB4,familiar,training-ligand-overlap-at-least-0.25,3RE4,TO1,0.906,0.219,0.6085,True,0.6584,familiar,choice_5f24f8bad1ba67c1,0.6584,familiar,choice_5f24f8bad1ba67c1,0.6071922569149986,familiar,3RE4,TO1,0.7336102211523358,familiar,choice_72b3edc36c58b7a0,3RE4,TO1,available,,"{'object_uri': 'supabase://foldarium-weekly-quiz/sha256/14/14389c3046310e2c47835ff8e02d33fa9e7917d2038e5881f3d8d29ba04dac44', 'sha256': '14389c3046310e2c47835ff8e02d33fa9e7917d2038e5881f3d8d29ba04dac44', 'size_bytes': 334773, 'media_type': 'chemical/x-pdb'}"
2026-08-22,12UW,A1DEM,familiar,training-ligand-overlap-at-least-0.25,6B0Y,8ZG,0.969,0.833,0.3308,False,0.4222,familiar,choice_eb18e145707c6a0d,0.4254,familiar,choice_eb18e145707c6a0d,0.33840382825717863,familiar,6B0Y,8ZG,0.4618320106188525,familiar,choice_12023a0cdd39c255,6T5B,O7K,available,,"{'object_uri': 'supabase://foldarium-weekly-quiz/sha256/59/59bd04e2741782230985ae07f28f346a73fb8c836f4e5d8d355848af898a024b', 'sha256': '59bd04e2741782230985ae07f28f346a73fb8c836f4e5d8d355848af898a024b', 'size_bytes': 449793, 'media_type': 'chemical/x-pdb'}"
2026-08-22,13UZ,A1C1P,novel,training-ligand-overlap-below-0.25,3TY3,GGG,0.114,2.682,0.0,False,,unknown,,,unknown,,0.0,novel,3TY3,GGG,,unknown,,,,available,,"{'object_uri': 'supabase://foldarium-weekly-quiz/sha256/20/20dc191ba928604224f219aa5ad6fca809ccdd1583fb0f21d96a27c099cc509a', 'sha256': '20dc191ba928604224f219aa5ad6fca809ccdd1583fb0f21d96a27c099cc509a', 'size_bytes': 871560, 'media_type': 'chemical/x-pdb'}"
2026-08-22,26FX,,unknown,TrainingSimilarityError,,,,,,,,,,,,,,,,,,,,,,,,
2026-08-22,26WD,AAO,familiar,training-ligand-overlap-at-least-0.25,1PPI,DAF,0.502,0.542,0.383,True,0.2791,familiar,choice_e29518a90806f2de,0.2791,familiar,choice_e29518a90806f2de,,unknown,,,0.13789482513641607,novel,choice_e29518a90806f2de,1JFH,MA3,available,,"{'object_uri': 'supabase://foldarium-weekly-quiz/sha256/4a/4a31df3846d722d7be17be227cfab8b9eadfd0b26ae9b6f1c4bad1e567895631', 'sha256': '4a31df3846d722d7be17be227cfab8b9eadfd0b26ae9b6f1c4bad1e567895631', 'size_bytes': 318573, 'media_type': 'chemical/x-pdb'}"
2026-08-22,28EH,A1FBS,familiar,training-ligand-overlap-at-least-0.25,5VNX,9EV,0.285,0.429,0.3192,True,0.0,novel,choice_c986349e87856e9e,0.5216,familiar,choice_9ead9c747e19f975,0.10596159308297785,novel,5VNX,BEN,,unknown,,,,available,,"{'object_uri': 'supabase://foldarium-weekly-quiz/sha256/ef/ef4009e0495c2f34cc6624bcc0c82e667a378d68cac00685976ac1fc62875e81', 'sha256': 'ef4009e0495c2f34cc6624bcc0c82e667a378d68cac00685976ac1fc62875e81', 'size_bytes': 1477116, 'media_type': 'chemical/x-pdb'}"
2026-08-22,29GE,A1J17,familiar,training-ligand-overlap-at-least-0.25,7PL1,SFG,0.943,0.532,0.3344,True,0.5066,familiar,choice_1e3c7762f06683ea,0.5066,familiar,choice_1e3c7762f06683ea,0.0,novel,4M6X,56D,0.032454522367368135,novel,choice_b0cc8362c0f171c7,4KIB,56D,available,,"{'object_uri': 'supabase://foldarium-weekly-quiz/sha256/93/93e78091e7d230c023dd0dd74f2d2137debc1572bab3aa5fa4fe0b9311ac1dd5', 'sha256': '93e78091e7d230c023dd0dd74f2d2137debc1572bab3aa5fa4fe0b9311ac1dd5', 'size_bytes': 135918, 'media_type': 'chemical/x-pdb'}"
2026-08-22,29UY,A1J4Y,novel,no-usable-pre-cutoff-ligand-pocket-analog,,,,,,False,0.0,novel,choice_eca8ac1f906746ea,0.3498,familiar,choice_a49c8aed81774391,,novel,,,0.2936236816612615,familiar,choice_db100af6fc0abdde,6SZ7,M1Q,not-applicable,,
2026-08-22,30TJ,SIT,familiar,training-ligand-overlap-at-least-0.25,4IHL,1F5,0.719,0.451,0.5812,True,0.0,novel,choice_d7adaef3b590edd1,0.7305,familiar,choice_21cfcfff91189b9a,0.7017955220051435,familiar,5D3F,FSC,0.8358137419775488,familiar,choice_d7adaef3b590edd1,3P1Q,FSC,available,,"{'object_uri': 'supabase://foldarium-weekly-quiz/sha256/19/196a4d2c01efff9c4d9e63ef13201aa3fc0072836237658f7e0eb1e2d8227087', 'sha256': '196a4d2c01efff9c4d9e63ef13201aa3fc0072836237658f7e0eb1e2d8227087', 'size_bytes': 320355, 'media_type': 'chemical/x-pdb'}"
2026-08-22,30TS,SIT,familiar,training-ligand-overlap-at-least-0.25,3P1S,FSC,0.991,1.091,0.6607,True,0.0,novel,choice_f5f70ab4a6fb1d28,0.7277,familiar,choice_0fdaeb916bd9da0a,0.8274301366953296,familiar,3P1Q,FSC,0.8502975029663473,familiar,choice_b04c01b14a83ee1b,3P1Q,FSC,available,,"{'object_uri': 'supabase://foldarium-weekly-quiz/sha256/47/47769b48dae5be0b802098abbc8d15bfd67f4b52ca6c70bbc23ba5302241d2d2', 'sha256': '47769b48dae5be0b802098abbc8d15bfd67f4b52ca6c70bbc23ba5302241d2d2', 'size_bytes': 360288, 'media_type': 'chemical/x-pdb'}"
2026-08-22,31DG,A1BCS,novel,no-usable-pre-cutoff-ligand-pocket-analog,,,,,,False,0.0,novel,choice_e61c6f8256cc5855,0.0,novel,choice_e61c6f8256cc5855,,novel,,,,unknown,,,,not-applicable,,
2026-08-22,32HC,AR6,familiar,training-ligand-overlap-at-least-0.25,3VFQ,AR6,0.309,1.5,0.6887,True,0.6066,familiar,choice_19cf013db5f9af68,0.6066,familiar,choice_19cf013db5f9af68,,unknown,,,,unknown,,,,available,,"{'object_uri': 'supabase://foldarium-weekly-quiz/sha256/f8/f8f9479b2c558dd193495b1c48590f4f84e99db6a532c4d868b1a414f0261200', 'sha256': 'f8f9479b2c558dd193495b1c48590f4f84e99db6a532c4d868b1a414f0261200', 'size_bytes': 235953, 'media_type': 'chemical/x-pdb'}"
2026-08-22,35YH,A1DIP,novel,no-usable-pre-cutoff-ligand-pocket-analog,,,,,,False,0.0,novel,choice_d9168b20e1dddc22,0.1733,novel,choice_c0d32d65e72ec928,,unknown,,,0.15258666458918657,novel,choice_209af8e034199092,3KVF,GVE,not-applicable,,
2026-08-22,37YA,8GT,novel,no-usable-pre-cutoff-ligand-pocket-analog,,,,,,True,0.0,novel,choice_f307aec1f2993611,0.6599,familiar,choice_5d2df8fe5b34a7fe,,unknown,,,,unknown,,,,not-applicable,,
2026-08-22,7ILU,,unknown,TrainingSimilarityError,,,,,,,,,,,,,,,,,,,,,,,,
2026-08-22,9LZN,ZQB,novel,no-usable-pre-cutoff-ligand-pocket-analog,,,,,,True,0.0,novel,choice_a9be80e31be74c94,0.0,novel,choice_a9be80e31be74c94,,novel,,,0.0,novel,choice_a9be80e31be74c94,7AOL,RQH,not-applicable,,
2026-08-22,9LZO,ZQB,novel,no-usable-pre-cutoff-ligand-pocket-analog,,,,,,True,0.0,novel,choice_d9eaac720bda6712,0.0,novel,choice_d9eaac720bda6712,,novel,,,0.0,novel,choice_d9eaac720bda6712,6XB1,NEN,not-applicable,,
2026-08-22,9LZS,ZQB,novel,no-usable-pre-cutoff-ligand-pocket-analog,,,,,,True,0.4049,familiar,choice_0f96b2a0f6afd274,0.5453,familiar,choice_d4d302e5ad7653b9,,novel,,,0.33661587603353005,familiar,choice_09a9811d2bd1c371,6W81,X77,not-applicable,,
2026-08-22,9NQL,A1B0M,novel,no-usable-pre-cutoff-ligand-pocket-analog,,,,,,True,0.0438,novel,choice_d01268dffe8b686d,0.358,familiar,choice_d01268dffe8b686d,,novel,,,0.3887225168922537,familiar,choice_f36acb6c8ef8e08e,7AWE,S5K,not-applicable,,
2026-08-22,9PVM,A1CTY,novel,no-usable-pre-cutoff-ligand-pocket-analog,,,,,,False,,unknown,,,unknown,,,novel,,,,unknown,,,,not-applicable,,
2026-08-22,9PWP,CAP,novel,no-usable-pre-cutoff-ligand-pocket-analog,,,,,,True,0.0,novel,choice_f7bd5391f6b3f572,0.6412,familiar,choice_a6ba557398362da6,,novel,,,,unknown,,,,not-applicable,,
2026-08-22,9PXD,FOL,familiar,training-ligand-overlap-at-least-0.25,6CYV,DHF,0.949,0.701,0.7653,True,0.7595,familiar,choice_ed3a7c43cce64262,0.8165,familiar,choice_ff452356873d9199,0.7113965066602352,familiar,6CYV,DHF,,unknown,,,,available,,"{'object_uri': 'supabase://foldarium-weekly-quiz/sha256/3f/3f00c49781f41e94a411e3c09ef9d3c5cbd7c11c9888bb10f1a625ac5ae2fae2', 'sha256': '3f00c49781f41e94a411e3c09ef9d3c5cbd7c11c9888bb10f1a625ac5ae2fae2', 'size_bytes': 204849, 'media_type': 'chemical/x-pdb'}"
2026-08-22,9Q4C,A1COI,novel,no-usable-pre-cutoff-ligand-pocket-analog,,,,,,True,0.0,novel,choice_f35d7b59da9714e4,0.2033,novel,choice_89ca92714e940057,,novel,,,0.24338716466102053,novel,choice_e04e18337bf1e33b,5FHZ,REA,not-applicable,,
2026-08-22,9SVM,TOP,familiar,training-ligand-overlap-at-least-0.25,6XG4,TOP,0.407,0.382,0.8736,True,0.7682,familiar,choice_6f021149a3fa31df,0.7834,familiar,choice_cf1ae19709226484,0.9316363636363637,familiar,3TQ8,TOP,0.9344452326164813,familiar,choice_61bf39f5f4dd56b0,3TQ8,TOP,available,,"{'object_uri': 'supabase://foldarium-weekly-quiz/sha256/2d/2d313d6e95a190e1f65e69e527da216d331ce4f9bfcc25a0b61d7f69ab2f8cb4', 'sha256': '2d313d6e95a190e1f65e69e527da216d331ce4f9bfcc25a0b61d7f69ab2f8cb4', 'size_bytes': 213678, 'media_type': 'chemical/x-pdb'}"
2026-08-22,9SVN,TOP,novel,no-usable-pre-cutoff-ligand-pocket-analog,,,,,,True,0.0,novel,choice_f39ee8e06c629f18,0.8271,familiar,choice_498bfb8357e2baa1,,novel,,,0.9744102359056377,familiar,choice_f39ee8e06c629f18,6XG4,TOP,not-applicable,,
2026-08-22,9T0W,A1JSV,familiar,training-ligand-overlap-at-least-0.25,1GEY,PPE,0.284,0.662,0.6395,True,0.1471,novel,choice_1f82cc0e90702d05,0.6677,familiar,choice_9340cbdefca99c4b,0.5658450772463269,familiar,1GEY,PPE,0.5133755964676817,familiar,choice_5b366d2c869e7648,1GEY,PPE,available,,"{'object_uri': 'supabase://foldarium-weekly-quiz/sha256/bf/bf8dd23df225990ead0ffd79cb795d8cfa57ba315c16e5cd82c3b11c815c884a', 'sha256': 'bf8dd23df225990ead0ffd79cb795d8cfa57ba315c16e5cd82c3b11c815c884a', 'size_bytes': 213678, 'media_type': 'chemical/x-pdb'}"
2026-08-22,9WBU,A1MBE,novel,training-ligand-overlap-below-0.25,3CKQ,UPG,0.175,1.198,0.0,False,,unknown,,,unknown,,,unknown,,,,unknown,,,,available,,"{'object_uri': 'supabase://foldarium-weekly-quiz/sha256/8c/8cb333f58d4c0064c960a0bc134353cd741ca709e9c481b38478a8639a993918', 'sha256': '8cb333f58d4c0064c960a0bc134353cd741ca709e9c481b38478a8639a993918', 'size_bytes': 185652, 'media_type': 'chemical/x-pdb'}"
2026-08-22,9WD3,A1EVW,novel,no-usable-pre-cutoff-ligand-pocket-analog,,,,,,True,0.0,novel,choice_fe267783a3a91068,0.0,novel,choice_fe267783a3a91068,,novel,,,0.012483830432256012,novel,choice_851116b64bdb50df,7L25,XHS,not-applicable,,
2026-08-22,9WDT,WV2,novel,training-ligand-overlap-below-0.25,6TTI,NXE,0.73,0.479,0.0232,False,0.0,novel,choice_dbf47868135964b4,0.543,familiar,choice_6a4e8ace37855895,0.07940990551930414,novel,6TTI,NXE,0.08157986977818174,novel,choice_5eb48edce2ff96ae,6B6U,B3P,available,,"{'object_uri': 'supabase://foldarium-weekly-quiz/sha256/4d/4d283fb94c10b53e9f3c9c7fc0e8b56bd05708c56a5e707dad939230a283f8ea', 'sha256': '4d283fb94c10b53e9f3c9c7fc0e8b56bd05708c56a5e707dad939230a283f8ea', 'size_bytes': 1038744, 'media_type': 'chemical/x-pdb'}"
2026-08-22,9WE5,660,novel,training-ligand-overlap-below-0.25,4AN4,DUD,0.126,2.863,0.0,False,,unknown,,,unknown,,0.0,novel,6JEN,3RL,,unknown,,,,available,,"{'object_uri': 'supabase://foldarium-weekly-quiz/sha256/21/2140becaab735123ac43540329d12f89ab75767576a0b356454b9463de716d2f', 'sha256': '2140becaab735123ac43540329d12f89ab75767576a0b356454b9463de716d2f', 'size_bytes': 831708, 'media_type': 'chemical/x-pdb'}"
2026-08-22,9WF7,FPS,familiar,training-ligand-overlap-at-least-0.25,5NX7,0FV,0.218,1.819,0.327,True,,,,,,,0.33088656541733397,familiar,5NX7,LA6,,,,,,available,,"{'object_uri': 'supabase://foldarium-weekly-quiz/sha256/bf/bf239c91d0b914c2cee79276fe8281fd07d8ace52918c0a4f09fe8dc14b1d4f3', 'sha256': 'bf239c91d0b914c2cee79276fe8281fd07d8ace52918c0a4f09fe8dc14b1d4f3', 'size_bytes': 839565, 'media_type': 'chemical/x-pdb'}"
2026-08-22,9WUQ,A1MCB,novel,training-ligand-overlap-below-0.25,2KTD,PUC,0.761,1.822,0.1578,False,0.4184,familiar,choice_df19c95444103211,0.4184,familiar,choice_df19c95444103211,0.2952833498957018,familiar,2KTD,PUC,,unknown,,,,available,,"{'object_uri': 'supabase://foldarium-weekly-quiz/sha256/f1/f19672adebe5f6d73c73b2181cd86c879aa51bc659179bd13713c87dfcbc2282', 'sha256': 'f19672adebe5f6d73c73b2181cd86c879aa51bc659179bd13713c87dfcbc2282', 'size_bytes': 215055, 'media_type': 'chemical/x-pdb'}"
2026-08-22,9XDX,AMI,familiar,training-ligand-overlap-at-least-0.25,2A3E,AMI,0.201,0.601,0.8075,True,0.0,novel,choice_e096da2ba4adf486,0.2174,novel,choice_9ed1b71be9ecaab3,0.9066759507887078,familiar,2A3E,AMI,0.40174610359133334,familiar,choice_9ed1b71be9ecaab3,6JMN,BV0,available,,"{'object_uri': 'supabase://foldarium-weekly-quiz/sha256/25/2525ad9f12ab84bb1f4b4c69d88c468e8593defb8c38c181a269d9a051f32d44', 'sha256': '2525ad9f12ab84bb1f4b4c69d88c468e8593defb8c38c181a269d9a051f32d44', 'size_bytes': 498960, 'media_type': 'chemical/x-pdb'}"
2026-08-22,9Y7E,A1CSY,novel,no-usable-pre-cutoff-ligand-pocket-analog,,,,,,False,0.0,novel,choice_fa9c001ca7f89720,0.328,familiar,choice_ac8e4290803f367d,,novel,,,0.33914712948556763,familiar,choice_1dc958d84f430807,3SPR,FC7,not-applicable,,
2026-08-22,9YVI,A1CZB,novel,no-usable-pre-cutoff-ligand-pocket-analog,,,,,,False,,unknown,,,unknown,,,novel,,,,unknown,,,,not-applicable,,
2026-08-22,9ZS8,BPH,novel,no-usable-pre-cutoff-ligand-pocket-analog,,,,,,True,,unknown,,,unknown,,,novel,,,,unknown,,,,not-applicable,,
